genomeID	true_lineage	nuc_changes
OR326995.1	E.2	21062_C|T,125249_G|A,38662_C|T,151461_A|C,170262_G|A,87297_G|A,73066_C|T,162243_G|A,95034_G|A,133176_133185,25661_G|A,184562_G|A,150469_C|T,168120_C|T,151847_G|A,154408_T|C,121320_C|T,34435_C|T,39139_C|T,124130_G|A,18769_A|G,166940_C|T,34459_G|A,81977_A|G,181980_G|A,72362_C|T,39119_C|T,81275_G|A,37202_G|A,82451_G|A,87230_G|A,55133_G|A,38360_G|A,133101_.|TT,149963_C|T,148412_G|A,54117_G|A,54635_G|A,74205_G|A,73239_G|A,187428_C|T,162331_C|T,101241_G|A,7771_C|T,15428_G|A,105923_G|A,164832_C|T,83326_C|T,152866_G|A,186578_G|A,28175_T|C,21723_G|A,52885_G|A,84587_C|T,188348_G|A,23564_C|T,82373_C|T,64426_C|T,188946_C|T,183519_C|T,37738_C|T,91728_G|A,77383_G|A,124674_G|A,155795_G|A,64297_G|A,119296_C|T,30367_G|A,190660_G|A
OR326997.1	E.2	74205_G|A,187428_C|T,73239_G|A,37202_G|A,82451_G|A,178133_G|A,133101_.|TT,149963_C|T,87230_G|A,38360_G|A,55133_G|A,54635_G|A,54117_G|A,148412_G|A,28175_T|C,83326_C|T,186578_G|A,152866_G|A,84587_C|T,52885_G|A,21723_G|A,162331_C|T,7771_C|T,101241_G|A,15428_G|A,105923_G|A,164832_C|T,183519_C|T,37738_C|T,188348_G|A,23564_C|T,82373_C|T,64426_C|T,188946_C|T,30367_G|A,190660_G|A,14000_G|T,91728_G|A,77383_G|A,124674_G|A,155795_G|A,64297_G|A,119296_C|T,38662_C|T,151461_A|C,170262_G|A,21062_C|T,125249_G|A,133176_133185,25661_G|A,87297_G|A,73066_C|T,162243_G|A,95034_G|A,151847_G|A,168120_C|T,121320_C|T,154408_T|C,124130_G|A,39139_C|T,18769_A|G,184562_G|A,150469_C|T,39119_C|T,72362_C|T,81275_G|A,34459_G|A,166940_C|T,181980_G|A,81977_A|G
OR381836.1	E.2	184562_G|A,150469_C|T,154408_T|C,121320_C|T,168120_C|T,151847_G|A,39139_C|T,124130_G|A,166940_C|T,34459_G|A,81977_A|G,181980_G|A,81275_G|A,39119_C|T,125249_G|A,151461_A|C,38662_C|T,170262_G|A,87297_G|A,100261_A|G,95034_G|A,162243_G|A,133176_133185,82373_C|T,188348_G|A,188946_C|T,183519_C|T,37738_C|T,77383_G|A,91728_G|A,119296_C|T,124674_G|A,155795_G|A,190660_G|A,128698_C|T,82451_G|A,37202_G|A,148412_G|A,87230_G|A,38360_G|A,133101_.|TT,149963_C|T,187428_C|T,101241_G|A,7771_C|T,162331_C|T,164832_C|T,105923_G|A,152866_G|A,186578_G|A,83326_C|T,84587_C|T
OR381837.1	E.2	81275_G|A,72362_C|T,39119_C|T,34459_G|A,81977_A|G,181980_G|A,121320_C|T,18769_A|G,39139_C|T,124130_G|A,184562_G|A,150469_C|T,148438_C|T,25661_G|A,73066_C|T,87297_G|A,100261_A|G,95034_G|A,151461_A|C,38662_C|T,150556_G|A,21062_C|T,125249_G|A,30367_G|A,14000_G|T,190660_G|A,77383_G|A,91728_G|A,119296_C|T,64297_G|A,124674_G|A,183519_C|T,82373_C|T,188348_G|A,23564_C|T,29342_C|T,188946_C|T,64426_C|T,186578_G|A,152866_G|A,83326_C|T,28175_T|C,21723_G|A,52885_G|A,84587_C|T,101241_G|A,7771_C|T,31053_G|A,105923_G|A,15428_G|A,13563_G|A,73239_G|A,187428_C|T,74205_G|A,82451_G|A,37202_G|A,148412_G|A,54117_G|A,54635_G|A,55133_G|A,87230_G|A,38360_G|A,149963_C|T
PV785650.1	E.2	21723_G|A,91728_G|A,152866_G|A,162331_C|T,73066_C|T,186578_G|A,74205_G|A,164385_C|T,38360_G|A,37202_G|A,77383_G|A,18769_A|G,81275_G|A,64297_G|A,166940_C|T,64426_C|T,188348_G|A,28175_T|C,187428_C|T,23564_C|T,81977_A|G,83326_C|T,55133_G|A,72362_C|T,150469_C|T,34459_G|A,164832_C|T,87230_G|A,150385_C|T,7771_C|T,87297_G|A,171293_C|T,14000_G|T,54117_G|A,162243_G|A,39119_C|T,100261_A|G,148412_G|A,190660_G|A,181980_G|A,38662_C|T,21062_C|T,154408_T|C,25661_G|A,95034_G|A,101241_G|A,39139_C|T,13563_G|A,31053_G|A,52885_G|A,151461_A|C,82451_G|A,105923_G|A,119296_C|T,54635_G|A,149963_C|T,15428_G|A,183519_C|T,82373_C|T,30367_G|A,188946_C|T,84587_C|T,121320_C|T,155795_G|A,73239_G|A,168120_C|T,184562_G|A
OR381838.1	E.2	72362_C|T,39119_C|T,81275_G|A,166940_C|T,34459_G|A,81977_A|G,181980_G|A,168120_C|T,151847_G|A,154408_T|C,121320_C|T,39139_C|T,124130_G|A,18769_A|G,184562_G|A,150469_C|T,133176_133185,100261_A|G,87297_G|A,73066_C|T,162243_G|A,95034_G|A,38662_C|T,151461_A|C,170262_G|A,21062_C|T,125249_G|A,82619_C|T,30367_G|A,190660_G|A,14000_G|T,91728_G|A,77383_G|A,124674_G|A,155795_G|A,119296_C|T,64297_G|A,183519_C|T,37738_C|T,23564_C|T,188348_G|A,82373_C|T,64426_C|T,133091_133094,188946_C|T,83326_C|T,186578_G|A,152866_G|A,28175_T|C,21723_G|A,52885_G|A,84587_C|T,162331_C|T,31053_G|A,101241_G|A,7771_C|T,105923_G|A,15428_G|A,164832_C|T,13563_G|A,74205_G|A,73239_G|A,187428_C|T,37202_G|A,128698_C|T,82451_G|A,38360_G|A,55133_G|A,87230_G|A,149963_C|T,54117_G|A,54635_G|A,148412_G|A
OR381842.1	E.2	37202_G|A,82451_G|A,178133_G|A,133101_.|TT,149963_C|T,38360_G|A,55133_G|A,87230_G|A,54117_G|A,54635_G|A,148412_G|A,13563_G|A,74205_G|A,187428_C|T,73239_G|A,31053_G|A,162331_C|T,7771_C|T,101241_G|A,15428_G|A,105923_G|A,164832_C|T,28175_T|C,186578_G|A,152866_G|A,83326_C|T,84587_C|T,52885_G|A,21723_G|A,23564_C|T,188348_G|A,82373_C|T,64426_C|T,188946_C|T,183519_C|T,37738_C|T,91728_G|A,77383_G|A,124674_G|A,155795_G|A,119296_C|T,64297_G|A,30367_G|A,190660_G|A,21062_C|T,125249_G|A,38662_C|T,151461_A|C,170262_G|A,87297_G|A,73066_C|T,162243_G|A,95034_G|A,133176_133185,25661_G|A,184562_G|A,150469_C|T,151847_G|A,168120_C|T,121320_C|T,154408_T|C,124130_G|A,39139_C|T,18769_A|G,34459_G|A,166940_C|T,181980_G|A,81977_A|G,39119_C|T,72362_C|T,81275_G|A
OR804463.1	E.2	184562_G|A,150469_C|T,121320_C|T,154408_T|C,151847_G|A,168120_C|T,18769_A|G,124130_G|A,39139_C|T,34459_G|A,166940_C|T,181980_G|A,81977_A|G,81275_G|A,39119_C|T,72362_C|T,21062_C|T,125249_G|A,151461_A|C,38662_C|T,170262_G|A,73066_C|T,87297_G|A,95034_G|A,162243_G|A,133176_133185,25661_G|A,82373_C|T,188348_G|A,23564_C|T,188946_C|T,64426_C|T,183519_C|T,37738_C|T,77383_G|A,91728_G|A,119296_C|T,64297_G|A,124674_G|A,155795_G|A,30367_G|A,14000_G|T,190660_G|A,82451_G|A,178133_G|A,37202_G|A,54635_G|A,54117_G|A,148412_G|A,133101_.|TT,149963_C|T,38360_G|A,55133_G|A,87230_G|A,187428_C|T,73239_G|A,74205_G|A,7771_C|T,101241_G|A,162331_C|T,164832_C|T,105923_G|A,15428_G|A,28175_T|C,83326_C|T,152866_G|A,186578_G|A,52885_G|A,84587_C|T,21723_G|A
OR804465.1	E.2	54635_G|A,148412_G|A,54117_G|A,133101_.|TT,149963_C|T,38360_G|A,55133_G|A,87230_G|A,82451_G|A,178133_G|A,37202_G|A,187428_C|T,73239_G|A,74205_G|A,164832_C|T,15428_G|A,105923_G|A,7771_C|T,101241_G|A,162331_C|T,31053_G|A,52885_G|A,84587_C|T,21723_G|A,28175_T|C,186578_G|A,83326_C|T,152866_G|A,188946_C|T,64426_C|T,82373_C|T,23564_C|T,188348_G|A,37738_C|T,183519_C|T,119296_C|T,64297_G|A,155795_G|A,124674_G|A,77383_G|A,91728_G|A,190660_G|A,30367_G|A,125249_G|A,21062_C|T,170262_G|A,151461_A|C,38662_C|T,95034_G|A,162243_G|A,73066_C|T,87297_G|A,25661_G|A,133176_133185,150469_C|T,184562_G|A,18769_A|G,124130_G|A,39139_C|T,121320_C|T,154408_T|C,151847_G|A,168120_C|T,181980_G|A,81977_A|G,34459_G|A,166940_C|T,81275_G|A,39119_C|T,72362_C|T
OR381844.1	E.2	87297_G|A,73066_C|T,162243_G|A,95034_G|A,133176_133185,25661_G|A,21062_C|T,125249_G|A,38662_C|T,151461_A|C,170262_G|A,34459_G|A,166940_C|T,181980_G|A,81977_A|G,39119_C|T,72362_C|T,81275_G|A,184562_G|A,150469_C|T,151847_G|A,168120_C|T,121320_C|T,154408_T|C,124130_G|A,39139_C|T,18769_A|G,162331_C|T,31053_G|A,7771_C|T,101241_G|A,15428_G|A,105923_G|A,164832_C|T,28175_T|C,83326_C|T,152866_G|A,186578_G|A,52885_G|A,84587_C|T,21723_G|A,151875_G|A,37202_G|A,82451_G|A,178133_G|A,149963_C|T,133101_.|TT,55133_G|A,38360_G|A,87230_G|A,54635_G|A,54117_G|A,148412_G|A,13563_G|A,74205_G|A,187428_C|T,73239_G|A,91728_G|A,77383_G|A,155795_G|A,124674_G|A,119296_C|T,64297_G|A,30367_G|A,138584_G|A,190660_G|A,23564_C|T,188348_G|A,82373_C|T,64426_C|T,188946_C|T,183519_C|T,37738_C|T
OR487976.1	E.2	149963_C|T,87230_G|A,105923_G|A,73066_C|T,170262_G|A,121291_G|A,181495_C|T,181980_G|A,119296_C|T,190660_G|A,52885_G|A,55133_G|A,187428_C|T,37738_C|T,183519_C|T,54117_G|A,151461_A|C,13563_G|A,38360_G|A,82451_G|A,72362_C|T,101241_G|A,25661_G|A,168120_C|T,83326_C|T,15428_G|A,188348_G|A,77383_G|A,184562_G|A,188946_C|T,81275_G|A,91728_G|A,39119_C|T,100261_A|G,154408_T|C,14000_G|T,73239_G|A,162243_G|A,155795_G|A,84587_C|T,64426_C|T,81977_A|G,82373_C|T,166940_C|T,186578_G|A,64297_G|A,87297_G|A,164832_C|T,7771_C|T,162331_C|T,125249_G|A,37202_G|A,56879_C|T,95034_G|A,39139_C|T,128698_C|T,133101_.|TT,121320_C|T,23564_C|T,57492_C|T,151847_G|A,150469_C|T,30367_G|A,133176_133185,18769_A|G,124674_G|A,38662_C|T,148412_G|A,54635_G|A,152866_G|A,21723_G|A,74205_G|A,124130_G|A,31053_G|A,21062_C|T,28175_T|C,34459_G|A
OR487978.1	E.2	181980_G|A,119296_C|T,52885_G|A,190660_G|A,12827_T|C,55133_G|A,105923_G|A,149963_C|T,87230_G|A,73066_C|T,121291_G|A,170262_G|A,82451_G|A,38360_G|A,72362_C|T,101241_G|A,37738_C|T,187428_C|T,54117_G|A,151461_A|C,183519_C|T,188348_G|A,15428_G|A,188946_C|T,184562_G|A,77383_G|A,91728_G|A,81275_G|A,39119_C|T,73239_G|A,154408_T|C,83326_C|T,168120_C|T,166940_C|T,82373_C|T,87297_G|A,64297_G|A,186578_G|A,164832_C|T,162243_G|A,64426_C|T,84587_C|T,155795_G|A,81977_A|G,37202_G|A,56879_C|T,95034_G|A,7771_C|T,125249_G|A,162331_C|T,121320_C|T,23564_C|T,39139_C|T,133101_.|TT,151847_G|A,150469_C|T,30367_G|A,178133_G|A,57492_C|T,74205_G|A,124130_G|A,21062_C|T,28175_T|C,34459_G|A,133176_133185,38662_C|T,124674_G|A,18769_A|G,54635_G|A,148412_G|A,21723_G|A,152866_G|A
OR487979.1	E.2	30367_G|A,151847_G|A,150469_C|T,54635_G|A,148412_G|A,21723_G|A,152866_G|A,133176_133185,18769_A|G,124674_G|A,38662_C|T,34459_G|A,124130_G|A,74205_G|A,21062_C|T,28175_T|C,162331_C|T,125249_G|A,7771_C|T,95034_G|A,37202_G|A,133101_.|TT,39139_C|T,15258_C|T,23564_C|T,121320_C|T,168120_C|T,83326_C|T,25661_G|A,81275_G|A,39119_C|T,91728_G|A,100261_A|G,154408_T|C,73239_G|A,14000_G|T,179235_.|AAA,15428_G|A,188348_G|A,184562_G|A,77383_G|A,188946_C|T,155795_G|A,84587_C|T,64426_C|T,81977_A|G,162243_G|A,186578_G|A,64297_G|A,87297_G|A,164832_C|T,82373_C|T,166940_C|T,73066_C|T,170262_G|A,87230_G|A,149963_C|T,105923_G|A,12827_T|C,190660_G|A,52885_G|A,55133_G|A,181980_G|A,119296_C|T,13563_G|A,187428_C|T,37738_C|T,183519_C|T,54117_G|A,151461_A|C,101241_G|A,38360_G|A,82451_G|A,72362_C|T
OR487983.1	E.2	95034_G|A,37202_G|A,125249_G|A,162331_C|T,7771_C|T,23564_C|T,121320_C|T,133101_.|TT,128698_C|T,39139_C|T,30367_G|A,151847_G|A,150469_C|T,34459_G|A,124130_G|A,74205_G|A,21062_C|T,28175_T|C,31053_G|A,148412_G|A,54635_G|A,152866_G|A,21723_G|A,133176_133185,38662_C|T,124674_G|A,18769_A|G,52885_G|A,190660_G|A,55133_G|A,181980_G|A,119296_C|T,73066_C|T,170262_G|A,105923_G|A,87230_G|A,149963_C|T,101241_G|A,82451_G|A,38360_G|A,72362_C|T,13563_G|A,37738_C|T,187428_C|T,151461_A|C,54117_G|A,183519_C|T,100261_A|G,81275_G|A,91728_G|A,39119_C|T,14000_G|T,73239_G|A,154408_T|C,188348_G|A,15428_G|A,188946_C|T,77383_G|A,184562_G|A,83326_C|T,168120_C|T,25661_G|A,87297_G|A,64297_G|A,186578_G|A,164832_C|T,166940_C|T,82373_C|T,64426_C|T,84587_C|T,155795_G|A,81977_A|G,162243_G|A
OR487984.1	E.2	54635_G|A,148412_G|A,152866_G|A,21723_G|A,133176_133185,124674_G|A,38662_C|T,18769_A|G,34459_G|A,74205_G|A,124130_G|A,21062_C|T,28175_T|C,30367_G|A,150469_C|T,133101_.|TT,128698_C|T,15258_C|T,39139_C|T,23564_C|T,121320_C|T,125249_G|A,162331_C|T,7771_C|T,95034_G|A,37202_G|A,64426_C|T,155795_G|A,84587_C|T,81977_A|G,162243_G|A,87297_G|A,186578_G|A,64297_G|A,164832_C|T,166940_C|T,82373_C|T,83326_C|T,168120_C|T,91728_G|A,81275_G|A,39119_C|T,14000_G|T,73239_G|A,154408_T|C,188348_G|A,15428_G|A,184562_G|A,77383_G|A,188946_C|T,13563_G|A,37738_C|T,187428_C|T,54117_G|A,151461_A|C,183519_C|T,101241_G|A,38360_G|A,82451_G|A,72362_C|T,73066_C|T,170262_G|A,149963_C|T,87230_G|A,105923_G|A,52885_G|A,190660_G|A,55133_G|A,181980_G|A,119296_C|T
OR449307.1	E.2	31053_G|A,121291_G|A,39139_C|T,124674_G|A,151461_A|C,183519_C|T,84587_C|T,101241_G|A,184562_G|A,54635_G|A,124130_G|A,56879_C|T,125249_G|A,7771_C|T,37738_C|T,30367_G|A,186578_G|A,18769_A|G,64297_G|A,82373_C|T,170262_G|A,87230_G|A,105923_G|A,52885_G|A,190660_G|A,150469_C|T,188946_C|T,187428_C|T,37202_G|A,38662_C|T,23564_C|T,21062_C|T,162243_G|A,25661_G|A,149963_C|T,83326_C|T,164832_C|T,14000_G|T,115068_C|T,57492_C|T,148412_G|A,73066_C|T,55133_G|A,151847_G|A,34459_G|A,155795_G|A,87297_G|A,74205_G|A,81275_G|A,121320_C|T,73239_G|A,154408_T|C,119296_C|T,64426_C|T,91728_G|A,128698_C|T,100261_A|G,188348_G|A,82451_G|A,72362_C|T,95034_G|A,77383_G|A,166940_C|T,162331_C|T,28175_T|C,152866_G|A,13563_G|A,38360_G|A,15428_G|A,21723_G|A,81977_A|G,54117_G|A,84191_C|T,181980_G|A,39119_C|T
OR487985.1	E.2	105923_G|A,87230_G|A,149963_C|T,170262_G|A,73066_C|T,119296_C|T,164445_G|A,181980_G|A,162248_C|T,55133_G|A,190660_G|A,52885_G|A,183519_C|T,54117_G|A,151461_A|C,187428_C|T,37738_C|T,13563_G|A,72362_C|T,82451_G|A,38360_G|A,101241_G|A,25661_G|A,168120_C|T,83326_C|T,188946_C|T,77383_G|A,184562_G|A,15428_G|A,188348_G|A,154408_T|C,14000_G|T,73239_G|A,39119_C|T,81275_G|A,91728_G|A,100261_A|G,162243_G|A,62243_C|T,150054_G|A,81977_A|G,84587_C|T,155795_G|A,64426_C|T,82373_C|T,166940_C|T,164832_C|T,64297_G|A,186578_G|A,87297_G|A,7771_C|T,162331_C|T,125249_G|A,37202_G|A,95034_G|A,39139_C|T,128698_C|T,133101_.|TT,121320_C|T,23564_C|T,150469_C|T,151847_G|A,30367_G|A,18769_A|G,38662_C|T,124674_G|A,133176_133185,21723_G|A,152866_G|A,148412_G|A,54635_G|A,31053_G|A,21062_C|T,28175_T|C,74205_G|A,124130_G|A,132145_A|G,34459_G|A
OR487988.1	E.2	21723_G|A,152866_G|A,148412_G|A,54635_G|A,38662_C|T,124674_G|A,18769_A|G,133176_133185,34459_G|A,21062_C|T,28175_T|C,31053_G|A,124130_G|A,74205_G|A,30367_G|A,150469_C|T,151847_G|A,128698_C|T,39139_C|T,23564_C|T,121320_C|T,125249_G|A,162331_C|T,7771_C|T,95034_G|A,37202_G|A,81977_A|G,64426_C|T,84587_C|T,155795_G|A,162243_G|A,164832_C|T,87297_G|A,64297_G|A,186578_G|A,166940_C|T,82373_C|T,83326_C|T,168120_C|T,14000_G|T,73239_G|A,154408_T|C,81275_G|A,39119_C|T,91728_G|A,188946_C|T,184562_G|A,77383_G|A,188348_G|A,15428_G|A,13563_G|A,151461_A|C,54117_G|A,183519_C|T,37738_C|T,187428_C|T,101241_G|A,72362_C|T,82451_G|A,38360_G|A,170262_G|A,73066_C|T,105923_G|A,149963_C|T,87230_G|A,55133_G|A,52885_G|A,190660_G|A,119296_C|T,181980_G|A
OR519723.1	E.2	91728_G|A,164832_C|T,64426_C|T,84587_C|T,162243_G|A,52885_G|A,181980_G|A,121291_G|A,73066_C|T,105923_G|A,183519_C|T,30367_G|A,151847_G|A,124130_G|A,74205_G|A,56879_C|T,7771_C|T,23564_C|T,154408_T|C,100261_A|G,81275_G|A,188348_G|A,168120_C|T,25661_G|A,64297_G|A,186578_G|A,155795_G|A,87230_G|A,54117_G|A,37738_C|T,57492_C|T,34459_G|A,31053_G|A,21723_G|A,124674_G|A,125249_G|A,121320_C|T,188946_C|T,184562_G|A,87297_G|A,82373_C|T,81977_A|G,55133_G|A,119296_C|T,38360_G|A,13563_G|A,151461_A|C,187428_C|T,21062_C|T,28175_T|C,54635_G|A,148412_G|A,95034_G|A,37202_G|A,162331_C|T,128698_C|T,14000_G|T,73239_G|A,39119_C|T,77383_G|A,15428_G|A,83326_C|T,166940_C|T,190660_G|A,149963_C|T,101241_G|A,72362_C|T,82451_G|A,150469_C|T,152866_G|A,38662_C|T,18769_A|G,39139_C|T
OR743493.1	E.2	72362_C|T,82451_G|A,101241_G|A,149963_C|T,190660_G|A,166940_C|T,83326_C|T,77383_G|A,15428_G|A,73239_G|A,14000_G|T,39119_C|T,39139_C|T,18769_A|G,38662_C|T,152866_G|A,150469_C|T,151461_A|C,187428_C|T,13563_G|A,38360_G|A,119296_C|T,55133_G|A,81977_A|G,82373_C|T,87297_G|A,188946_C|T,184562_G|A,128698_C|T,162331_C|T,37202_G|A,95034_G|A,148412_G|A,54635_G|A,21062_C|T,28175_T|C,54117_G|A,37738_C|T,87230_G|A,155795_G|A,64297_G|A,186578_G|A,25661_G|A,168120_C|T,188348_G|A,154408_T|C,81275_G|A,100261_A|G,121320_C|T,125249_G|A,124674_G|A,21723_G|A,31053_G|A,34459_G|A,57492_C|T,183519_C|T,105923_G|A,121291_G|A,73066_C|T,181980_G|A,52885_G|A,162243_G|A,84587_C|T,64426_C|T,164832_C|T,91728_G|A,23564_C|T,7771_C|T,56879_C|T,74205_G|A,124130_G|A,151847_G|A,30367_G|A
OR804469.1	E.2	133176_133185,95034_G|A,162243_G|A,73066_C|T,87297_G|A,170262_G|A,151461_A|C,19458_G|A,38662_C|T,125249_G|A,21062_C|T,81275_G|A,72362_C|T,39119_C|T,81977_A|G,181980_G|A,166940_C|T,34459_G|A,18769_A|G,39139_C|T,124130_G|A,154408_T|C,121320_C|T,168120_C|T,151847_G|A,36047_G|A,150469_C|T,184562_G|A,21723_G|A,52885_G|A,84587_C|T,152866_G|A,83326_C|T,186578_G|A,28175_T|C,164832_C|T,105923_G|A,15428_G|A,101241_G|A,7771_C|T,162331_C|T,31053_G|A,73239_G|A,187428_C|T,74205_G|A,13563_G|A,148412_G|A,54635_G|A,54117_G|A,38360_G|A,55133_G|A,87230_G|A,149963_C|T,82451_G|A,37202_G|A,14000_G|T,190660_G|A,30367_G|A,64297_G|A,119296_C|T,155795_G|A,124674_G|A,77383_G|A,133102_.|T,91728_G|A,37738_C|T,183519_C|T,188946_C|T,64426_C|T,82373_C|T,188348_G|A,23564_C|T
OR804471.1	E.2	91728_G|A,77383_G|A,155795_G|A,124674_G|A,119296_C|T,64297_G|A,30367_G|A,190660_G|A,14000_G|T,188348_G|A,23564_C|T,82373_C|T,64426_C|T,188946_C|T,183519_C|T,37738_C|T,162331_C|T,31053_G|A,7771_C|T,101241_G|A,105923_G|A,15428_G|A,164832_C|T,28175_T|C,83326_C|T,152866_G|A,186578_G|A,52885_G|A,84587_C|T,21723_G|A,37202_G|A,82451_G|A,128698_C|T,133101_.|TT,149963_C|T,55133_G|A,87230_G|A,38360_G|A,148412_G|A,54117_G|A,54635_G|A,13563_G|A,74205_G|A,187428_C|T,73239_G|A,34459_G|A,166940_C|T,181980_G|A,81977_A|G,39119_C|T,72362_C|T,81275_G|A,184562_G|A,150469_C|T,151847_G|A,168120_C|T,121320_C|T,154408_T|C,124130_G|A,39139_C|T,18769_A|G,87297_G|A,100261_A|G,73066_C|T,162243_G|A,95034_G|A,133176_133185,25661_G|A,21062_C|T,125249_G|A,19458_G|A,38662_C|T,151461_A|C,170262_G|A
OR487997.1	E.2	124674_G|A,38662_C|T,18769_A|G,133176_133185,21723_G|A,152866_G|A,54635_G|A,148412_G|A,21062_C|T,28175_T|C,31053_G|A,124130_G|A,74205_G|A,34459_G|A,150469_C|T,151847_G|A,30367_G|A,39139_C|T,133101_.|TT,128698_C|T,121320_C|T,23564_C|T,7771_C|T,125249_G|A,162331_C|T,37202_G|A,95034_G|A,162243_G|A,81977_A|G,64426_C|T,155795_G|A,84587_C|T,166940_C|T,82373_C|T,164832_C|T,87297_G|A,186578_G|A,64297_G|A,25661_G|A,83326_C|T,168120_C|T,77383_G|A,184562_G|A,188946_C|T,188348_G|A,15428_G|A,14000_G|T,73239_G|A,154408_T|C,100261_A|G,91728_G|A,81275_G|A,39119_C|T,54117_G|A,151461_A|C,183519_C|T,37738_C|T,187428_C|T,13563_G|A,72362_C|T,38360_G|A,82451_G|A,101241_G|A,149963_C|T,87230_G|A,105923_G|A,170262_G|A,73066_C|T,119296_C|T,181980_G|A,55133_G|A,52885_G|A,190660_G|A
OR804473.1	E.2	15428_G|A,105923_G|A,164832_C|T,162331_C|T,101241_G|A,7771_C|T,21723_G|A,52885_G|A,84587_C|T,83326_C|T,186578_G|A,152866_G|A,28175_T|C,87230_G|A,55133_G|A,38360_G|A,133101_.|TT,149963_C|T,54635_G|A,54117_G|A,148412_G|A,37202_G|A,82451_G|A,74205_G|A,73239_G|A,187428_C|T,13563_G|A,155795_G|A,124674_G|A,119296_C|T,64297_G|A,91728_G|A,77383_G|A,190660_G|A,121291_G|A,14000_G|T,30367_G|A,64426_C|T,188946_C|T,188348_G|A,23564_C|T,82373_C|T,37738_C|T,183519_C|T,162243_G|A,56879_C|T,95034_G|A,100261_A|G,87297_G|A,73066_C|T,25661_G|A,133176_133185,125249_G|A,21062_C|T,170262_G|A,38662_C|T,151461_A|C,81977_A|G,181980_G|A,166940_C|T,34459_G|A,72362_C|T,39119_C|T,81275_G|A,150469_C|T,184562_G|A,39139_C|T,124130_G|A,18769_A|G,168120_C|T,151847_G|A,154408_T|C,121320_C|T
OR804478.1	E.2	82373_C|T,188348_G|A,23564_C|T,188946_C|T,64426_C|T,183519_C|T,37738_C|T,77383_G|A,91728_G|A,119296_C|T,64297_G|A,155795_G|A,124674_G|A,30367_G|A,121291_G|A,14000_G|T,190660_G|A,82451_G|A,37202_G|A,54117_G|A,54635_G|A,148412_G|A,87230_G|A,55133_G|A,38360_G|A,133101_.|TT,149963_C|T,13563_G|A,73239_G|A,187428_C|T,74205_G|A,101241_G|A,7771_C|T,31053_G|A,162331_C|T,164832_C|T,15428_G|A,105923_G|A,186578_G|A,152866_G|A,83326_C|T,28175_T|C,21723_G|A,84587_C|T,52885_G|A,184562_G|A,57492_C|T,150469_C|T,154408_T|C,121320_C|T,168120_C|T,151847_G|A,18769_A|G,39139_C|T,124130_G|A,166940_C|T,34459_G|A,81977_A|G,181980_G|A,81275_G|A,72362_C|T,39119_C|T,21062_C|T,125249_G|A,151461_A|C,38662_C|T,170262_G|A,73066_C|T,100261_A|G,87297_G|A,95034_G|A,56879_C|T,162243_G|A,133176_133185,25661_G|A
OR804477.1	E.2	84587_C|T,52885_G|A,21723_G|A,142612_G|A,28175_T|C,83326_C|T,152866_G|A,186578_G|A,164832_C|T,15428_G|A,105923_G|A,7771_C|T,101241_G|A,162331_C|T,31053_G|A,187428_C|T,73239_G|A,74205_G|A,13563_G|A,54117_G|A,148412_G|A,54635_G|A,133101_.|TT,149963_C|T,55133_G|A,87230_G|A,38360_G|A,82451_G|A,128698_C|T,37202_G|A,14000_G|T,190660_G|A,30367_G|A,64297_G|A,119296_C|T,155795_G|A,124674_G|A,77383_G|A,91728_G|A,37738_C|T,183519_C|T,188946_C|T,64426_C|T,82373_C|T,188348_G|A,23564_C|T,25661_G|A,133176_133185,95034_G|A,46132_C|T,162243_G|A,73066_C|T,100261_A|G,87297_G|A,170262_G|A,151461_A|C,38662_C|T,125249_G|A,21062_C|T,81275_G|A,39119_C|T,72362_C|T,181980_G|A,81977_A|G,34459_G|A,166940_C|T,18769_A|G,124130_G|A,39139_C|T,121320_C|T,154408_T|C,151847_G|A,168120_C|T,150469_C|T,184562_G|A
OR601603.1	E.2	181980_G|A,185499_G|A,52885_G|A,105923_G|A,73066_C|T,170262_G|A,183519_C|T,91728_G|A,164832_C|T,162243_G|A,64426_C|T,84587_C|T,7771_C|T,23564_C|T,151847_G|A,30367_G|A,74205_G|A,124130_G|A,87230_G|A,37738_C|T,54117_G|A,133101_.|TTTTTTTT,188348_G|A,169768_169773,100261_A|G,81275_G|A,154408_T|C,25661_G|A,168120_C|T,64297_G|A,186578_G|A,155795_G|A,125249_G|A,121320_C|T,31053_G|A,34459_G|A,124674_G|A,133164_133173,21723_G|A,119296_C|T,55133_G|A,38360_G|A,187428_C|T,151461_A|C,13563_G|A,188946_C|T,184562_G|A,82373_C|T,87297_G|A,81977_A|G,37202_G|A,95034_G|A,162331_C|T,128698_C|T,178133_G|A,134247_C|T,28175_T|C,21062_C|T,54635_G|A,148412_G|A,190660_G|A,149963_C|T,82451_G|A,62594_C|T,72362_C|T,101241_G|A,15428_G|A,77383_G|A,39119_C|T,73239_G|A,14000_G|T,83326_C|T,166940_C|T,39139_C|T,150469_C|T,38662_C|T,18769_A|G,152866_G|A
OR804480.1	E.2	72362_C|T,39119_C|T,81275_G|A,81977_A|G,181980_G|A,166940_C|T,34459_G|A,39139_C|T,124130_G|A,18769_A|G,168120_C|T,151847_G|A,154408_T|C,121320_C|T,150469_C|T,184562_G|A,25661_G|A,133176_133185,162243_G|A,95034_G|A,87297_G|A,73066_C|T,185499_G|A,170262_G|A,38662_C|T,151461_A|C,125249_G|A,21062_C|T,190660_G|A,14000_G|T,30367_G|A,124674_G|A,155795_G|A,64297_G|A,119296_C|T,91728_G|A,77383_G|A,37738_C|T,183519_C|T,64426_C|T,188946_C|T,23564_C|T,188348_G|A,82373_C|T,21723_G|A,52885_G|A,84587_C|T,83326_C|T,186578_G|A,152866_G|A,28175_T|C,105923_G|A,15428_G|A,164832_C|T,162331_C|T,31053_G|A,101241_G|A,7771_C|T,74205_G|A,73239_G|A,187428_C|T,13563_G|A,55133_G|A,87230_G|A,38360_G|A,149963_C|T,133101_.|TT,54635_G|A,148412_G|A,54117_G|A,37202_G|A,128698_C|T,82451_G|A
OR601604.1	E.2	183519_C|T,185499_G|A,181980_G|A,52885_G|A,105923_G|A,170262_G|A,73066_C|T,164832_C|T,162243_G|A,84587_C|T,64426_C|T,91728_G|A,23564_C|T,7771_C|T,74205_G|A,124130_G|A,151847_G|A,30367_G|A,54117_G|A,37738_C|T,87230_G|A,186578_G|A,64297_G|A,155795_G|A,169768_169773,188348_G|A,133101_.|TTTTTTTT,154408_T|C,81275_G|A,100261_A|G,25661_G|A,168120_C|T,121320_C|T,125249_G|A,31053_G|A,34459_G|A,124674_G|A,21723_G|A,133164_133173,38360_G|A,151461_A|C,187428_C|T,13563_G|A,119296_C|T,55133_G|A,82373_C|T,87297_G|A,81977_A|G,184562_G|A,188946_C|T,128698_C|T,37202_G|A,95034_G|A,162331_C|T,21062_C|T,28175_T|C,148412_G|A,54635_G|A,178133_G|A,72362_C|T,82451_G|A,101241_G|A,190660_G|A,149963_C|T,166940_C|T,77383_G|A,15428_G|A,73239_G|A,14000_G|T,39119_C|T,83326_C|T,39139_C|T,18769_A|G,38662_C|T,152866_G|A,150469_C|T
OR601606.1	E.2	125249_G|A,121320_C|T,31053_G|A,34459_G|A,124674_G|A,21723_G|A,133164_133173,87230_G|A,54117_G|A,37738_C|T,169768_169773,133101_.|TTTTTTTT,188348_G|A,154408_T|C,100261_A|G,81275_G|A,25661_G|A,168120_C|T,64297_G|A,186578_G|A,155795_G|A,7771_C|T,23564_C|T,151847_G|A,30367_G|A,74205_G|A,124130_G|A,181980_G|A,185499_G|A,52885_G|A,105923_G|A,170262_G|A,73066_C|T,183519_C|T,91728_G|A,164832_C|T,162243_G|A,64426_C|T,84587_C|T,39139_C|T,150469_C|T,38662_C|T,18769_A|G,152866_G|A,190660_G|A,149963_C|T,72362_C|T,82451_G|A,101241_G|A,77383_G|A,15428_G|A,73239_G|A,14000_G|T,39119_C|T,83326_C|T,166940_C|T,37202_G|A,95034_G|A,162331_C|T,128698_C|T,178133_G|A,21062_C|T,28175_T|C,54635_G|A,148412_G|A,119296_C|T,55133_G|A,38360_G|A,151461_A|C,187428_C|T,13563_G|A,188946_C|T,184562_G|A,82373_C|T,87297_G|A,81977_A|G
OR601605.1	E.2	39139_C|T,150469_C|T,38662_C|T,18769_A|G,152866_G|A,149963_C|T,190660_G|A,72362_C|T,82451_G|A,101241_G|A,83326_C|T,77383_G|A,15428_G|A,73239_G|A,14000_G|T,39119_C|T,166940_C|T,162331_C|T,37202_G|A,95034_G|A,128698_C|T,178133_G|A,148412_G|A,54635_G|A,28175_T|C,21062_C|T,119296_C|T,55133_G|A,151461_A|C,187428_C|T,13563_G|A,38360_G|A,184562_G|A,188946_C|T,81977_A|G,82373_C|T,87297_G|A,125249_G|A,121320_C|T,124674_G|A,21723_G|A,133164_133173,31053_G|A,34459_G|A,87230_G|A,54117_G|A,37738_C|T,25661_G|A,168120_C|T,169768_169773,188348_G|A,133101_.|TTTTTTTT,154408_T|C,100261_A|G,81275_G|A,155795_G|A,186578_G|A,64297_G|A,7771_C|T,23564_C|T,151847_G|A,30367_G|A,74205_G|A,124130_G|A,105923_G|A,170262_G|A,73066_C|T,181980_G|A,185499_G|A,52885_G|A,183519_C|T,91728_G|A,162243_G|A,64426_C|T,84587_C|T,164832_C|T
OR804485.1	E.2	21062_C|T,125249_G|A,151461_A|C,38662_C|T,170262_G|A,73066_C|T,87297_G|A,95034_G|A,162243_G|A,133176_133185,184562_G|A,150469_C|T,121320_C|T,154408_T|C,151847_G|A,168120_C|T,18769_A|G,124130_G|A,39139_C|T,34459_G|A,166940_C|T,181980_G|A,81977_A|G,81275_G|A,39119_C|T,72362_C|T,82451_G|A,128698_C|T,37202_G|A,54635_G|A,54117_G|A,148412_G|A,133101_.|TT,149963_C|T,55133_G|A,38360_G|A,87230_G|A,13563_G|A,187428_C|T,73239_G|A,74205_G|A,7771_C|T,101241_G|A,31053_G|A,162331_C|T,164832_C|T,15428_G|A,105923_G|A,28175_T|C,83326_C|T,152866_G|A,186578_G|A,52885_G|A,84587_C|T,21723_G|A,82373_C|T,23564_C|T,188348_G|A,188946_C|T,64426_C|T,183519_C|T,37738_C|T,77383_G|A,91728_G|A,119296_C|T,64297_G|A,124674_G|A,155795_G|A,30367_G|A,14000_G|T,190660_G|A
OR804486.1	E.2	148412_G|A,54117_G|A,54635_G|A,55133_G|A,87230_G|A,38360_G|A,133101_.|TT,149963_C|T,82451_G|A,37202_G|A,73239_G|A,187428_C|T,74205_G|A,13563_G|A,164832_C|T,105923_G|A,15428_G|A,101241_G|A,7771_C|T,162331_C|T,21723_G|A,52885_G|A,84587_C|T,152866_G|A,186578_G|A,83326_C|T,28175_T|C,188946_C|T,64426_C|T,82373_C|T,188348_G|A,23564_C|T,37738_C|T,183519_C|T,119296_C|T,64297_G|A,124674_G|A,155795_G|A,77383_G|A,91728_G|A,121291_G|A,14000_G|T,190660_G|A,30367_G|A,125249_G|A,21062_C|T,170262_G|A,151461_A|C,38662_C|T,95034_G|A,162243_G|A,73066_C|T,87297_G|A,156469_G|A,133176_133185,150469_C|T,184562_G|A,57492_C|T,18769_A|G,39139_C|T,124130_G|A,154408_T|C,121320_C|T,168120_C|T,151847_G|A,81977_A|G,181980_G|A,166940_C|T,34459_G|A,81275_G|A,72362_C|T,39119_C|T
OR804488.1	E.2	87297_G|A,100261_A|G,73066_C|T,162243_G|A,95034_G|A,133176_133185,25661_G|A,21062_C|T,125249_G|A,38662_C|T,151461_A|C,170262_G|A,166940_C|T,34459_G|A,81977_A|G,17495_G|T,181980_G|A,72362_C|T,39119_C|T,81275_G|A,184562_G|A,150469_C|T,168120_C|T,151847_G|A,154408_T|C,121320_C|T,39139_C|T,124130_G|A,18769_A|G,162331_C|T,31053_G|A,101241_G|A,7771_C|T,15428_G|A,105923_G|A,164832_C|T,83326_C|T,152866_G|A,186578_G|A,28175_T|C,21723_G|A,52885_G|A,84587_C|T,37202_G|A,128698_C|T,82451_G|A,38360_G|A,55133_G|A,87230_G|A,149963_C|T,133101_.|TT,54117_G|A,54635_G|A,148412_G|A,13563_G|A,74205_G|A,73239_G|A,187428_C|T,91728_G|A,77383_G|A,124674_G|A,155795_G|A,119296_C|T,64297_G|A,30367_G|A,190660_G|A,14000_G|T,23564_C|T,188348_G|A,82373_C|T,64426_C|T,188946_C|T,183519_C|T,37738_C|T
PP024993.1	E.2	30367_G|A,150469_C|T,151847_G|A,152866_G|A,21723_G|A,54635_G|A,148412_G|A,38662_C|T,124674_G|A,18769_A|G,133176_133185,34459_G|A,21062_C|T,28175_T|C,31053_G|A,124130_G|A,74205_G|A,125249_G|A,162331_C|T,7771_C|T,95034_G|A,37202_G|A,133101_.|TT,39139_C|T,23564_C|T,121320_C|T,83326_C|T,168120_C|T,25661_G|A,19914_G|A,14000_G|T,73239_G|A,154408_T|C,39119_C|T,81275_G|A,91728_G|A,188946_C|T,184562_G|A,77383_G|A,188348_G|A,15428_G|A,81977_A|G,64426_C|T,84587_C|T,155795_G|A,162243_G|A,164832_C|T,87297_G|A,64297_G|A,186578_G|A,166940_C|T,82373_C|T,170262_G|A,73066_C|T,105923_G|A,149963_C|T,87230_G|A,55133_G|A,52885_G|A,190660_G|A,119296_C|T,181980_G|A,13563_G|A,151461_A|C,54117_G|A,183519_C|T,37738_C|T,187428_C|T,101241_G|A,72362_C|T,82451_G|A,38360_G|A
PP024997.1	E.2	190660_G|A,52885_G|A,55133_G|A,181980_G|A,119296_C|T,73066_C|T,170262_G|A,105923_G|A,149963_C|T,87230_G|A,101241_G|A,82451_G|A,38360_G|A,72362_C|T,13563_G|A,187428_C|T,37738_C|T,183519_C|T,151461_A|C,54117_G|A,39119_C|T,91728_G|A,81275_G|A,154408_T|C,14000_G|T,73239_G|A,15428_G|A,188348_G|A,188946_C|T,77383_G|A,184562_G|A,168120_C|T,83326_C|T,19914_G|A,25661_G|A,64297_G|A,186578_G|A,87297_G|A,164832_C|T,82373_C|T,166940_C|T,84587_C|T,155795_G|A,64426_C|T,81977_A|G,162243_G|A,95034_G|A,37202_G|A,162331_C|T,125249_G|A,7771_C|T,23564_C|T,121320_C|T,133101_.|TT,39139_C|T,30367_G|A,151847_G|A,150469_C|T,34459_G|A,74205_G|A,124130_G|A,31053_G|A,21062_C|T,28175_T|C,148412_G|A,54635_G|A,21723_G|A,152866_G|A,133176_133185,18769_A|G,38662_C|T,124674_G|A
OR777674.1	E.2	25661_G|A,100261_A|G,87297_G|A,73066_C|T,162243_G|A,95034_G|A,38662_C|T,151461_A|C,21062_C|T,125249_G|A,39119_C|T,72362_C|T,81275_G|A,34459_G|A,166940_C|T,181980_G|A,81977_A|G,151847_G|A,168120_C|T,121320_C|T,154408_T|C,124130_G|A,39139_C|T,18769_A|G,53946_G|A,184562_G|A,132145_A|G,150469_C|T,62243_C|T,28175_T|C,83326_C|T,152866_G|A,186578_G|A,162248_C|T,84587_C|T,52885_G|A,21723_G|A,162331_C|T,31053_G|A,7771_C|T,101241_G|A,105923_G|A,15428_G|A,164832_C|T,164445_G|A,13563_G|A,74205_G|A,187428_C|T,73239_G|A,37202_G|A,82451_G|A,150054_G|A,128698_C|T,149963_C|T,38360_G|A,55133_G|A,87230_G|A,54635_G|A,54117_G|A,148412_G|A,30367_G|A,190660_G|A,14000_G|T,91728_G|A,77383_G|A,155795_G|A,124674_G|A,119296_C|T,64297_G|A,183519_C|T,37738_C|T,188348_G|A,23564_C|T,82373_C|T,64426_C|T,188946_C|T
PP025000.1	E.2	128698_C|T,133101_.|TT,39139_C|T,23564_C|T,121320_C|T,162331_C|T,125249_G|A,7771_C|T,95034_G|A,37202_G|A,148412_G|A,54635_G|A,152866_G|A,133176_133185,18769_A|G,38662_C|T,124674_G|A,34459_G|A,124130_G|A,74205_G|A,31053_G|A,28175_T|C,21062_C|T,30367_G|A,151847_G|A,150469_C|T,13563_G|A,187428_C|T,37738_C|T,183519_C|T,151461_A|C,54117_G|A,101241_G|A,82451_G|A,38360_G|A,72362_C|T,73066_C|T,170262_G|A,105923_G|A,87230_G|A,149963_C|T,190660_G|A,52885_G|A,55133_G|A,181980_G|A,119296_C|T,84587_C|T,155795_G|A,64426_C|T,81977_A|G,162243_G|A,64297_G|A,186578_G|A,87297_G|A,164832_C|T,82373_C|T,166940_C|T,168120_C|T,83326_C|T,19914_G|A,25661_G|A,91728_G|A,81275_G|A,39119_C|T,154408_T|C,73239_G|A,14000_G|T,15428_G|A,188348_G|A,188946_C|T,77383_G|A,184562_G|A
OR966871.1	E.2	81275_G|A,39119_C|T,72362_C|T,181980_G|A,81977_A|G,34459_G|A,166940_C|T,18769_A|G,121771_C|T,124130_G|A,39139_C|T,121320_C|T,154408_T|C,151847_G|A,168120_C|T,150469_C|T,184562_G|A,57492_C|T,25661_G|A,133176_133185,95034_G|A,56879_C|T,162243_G|A,73066_C|T,87297_G|A,100261_A|G,170262_G|A,151461_A|C,38662_C|T,125249_G|A,21062_C|T,14000_G|T,121291_G|A,190660_G|A,30367_G|A,64297_G|A,119296_C|T,155795_G|A,124674_G|A,77383_G|A,91728_G|A,37738_C|T,183519_C|T,188946_C|T,64426_C|T,82373_C|T,23564_C|T,52885_G|A,84587_C|T,21723_G|A,188348,28175_T|C,186578_G|A,152866_G|A,83326_C|T,164832_C|T,15428_G|A,105923_G|A,7771_C|T,101241_G|A,162331_C|T,31053_G|A,187428_C|T,73239_G|A,74205_G|A,13563_G|A,54635_G|A,148412_G|A,54117_G|A,149963_C|T,133101_.|TT,55133_G|A,87230_G|A,38360_G|A,82451_G|A,178133_G|A,128698_C|T,37202_G|A
PP025008.1	E.2	170262_G|A,23564_C|T,64426_C|T,91728_G|A,186578_G|A,188946_C|T,55133_G|A,21723_G|A,39139_C|T,87297_G|A,19914_G|A,187428_C|T,119296_C|T,121320_C|T,154408_T|C,151461_A|C,64297_G|A,101241_G|A,124130_G|A,54635_G|A,54117_G|A,162331_C|T,133101_.|TT,52885_G|A,84587_C|T,28175_T|C,133176_133185,38360_G|A,82451_G|A,151847_G|A,81275_G|A,30367_G|A,152866_G|A,21062_C|T,124674_G|A,149963_C|T,155795_G|A,37202_G|A,74205_G|A,166940_C|T,82373_C|T,183519_C|T,188348_G|A,25661_G|A,87230_G|A,34459_G|A,15428_G|A,95034_G|A,14000_G|T,181980_G|A,72362_C|T,105923_G|A,83326_C|T,7771_C|T,150469_C|T,39119_C|T,73239_G|A,37738_C|T,168120_C|T,13563_G|A,164832_C|T,125249_G|A,148412_G|A,18769_A|G,162243_G|A,77383_G|A,190660_G|A,178133_G|A,38662_C|T,81977_A|G,73066_C|T,184562_G|A
PQ218892.1	E.2	18769_A|G,133176_133185,162243_G|A,77383_G|A,190660_G|A,38360_G|A,82451_G|A,151847_G|A,81275_G|A,152866_G|A,38662_C|T,30367_G|A,81977_A|G,21062_C|T,124674_G|A,73066_C|T,184562_G|A,149963_C|T,155795_G|A,54635_G|A,83326_C|T,7771_C|T,128698_C|T,150469_C|T,39119_C|T,54117_G|A,168120_C|T,37738_C|T,162331_C|T,26283_G|A,73239_G|A,52885_G|A,13563_G|A,125249_G|A,164832_C|T,148412_G|A,28175_T|C,84587_C|T,55133_G|A,39139_C|T,21723_G|A,87297_G|A,187827_G|A,119296_C|T,121320_C|T,187428_C|T,15428_G|A,95034_G|A,181980_G|A,72362_C|T,64297_G|A,151461_A|C,14000_G|T,154408_T|C,101241_G|A,124130_G|A,105923_G|A,37202_G|A,100261_A|G,170262_G|A,166940_C|T,23564_C|T,74205_G|A,82373_C|T,183519_C|T,64426_C|T,31053_G|A,186578_G|A,91728_G|A,25661_G|A,188348_G|A,188946_C|T,87230_G|A,34459_G|A
OR966872.1	E.2	133176_133185,25661_G|A,100261_A|G,87297_G|A,73066_C|T,162243_G|A,95034_G|A,38662_C|T,151461_A|C,170262_G|A,21062_C|T,125249_G|A,72362_C|T,39119_C|T,81275_G|A,166940_C|T,34459_G|A,81977_A|G,181980_G|A,168120_C|T,151847_G|A,154408_T|C,121320_C|T,39139_C|T,124130_G|A,53946_G|A,18769_A|G,184562_G|A,132145_A|G,62243_C|T,150469_C|T,83326_C|T,152866_G|A,186578_G|A,28175_T|C,162248_C|T,188348,21723_G|A,52885_G|A,84587_C|T,31053_G|A,162331_C|T,101241_G|A,7771_C|T,105923_G|A,15428_G|A,164832_C|T,13563_G|A,164445_G|A,74205_G|A,73239_G|A,187428_C|T,37202_G|A,178133_G|A,150054_G|A,128698_C|T,82451_G|A,38360_G|A,87230_G|A,55133_G|A,133101_.|TT,149963_C|T,54635_G|A,54117_G|A,148412_G|A,30367_G|A,190660_G|A,14000_G|T,91728_G|A,77383_G|A,124674_G|A,155795_G|A,64297_G|A,119296_C|T,183519_C|T,37738_C|T,23564_C|T,82373_C|T,64426_C|T,188946_C|T
PP093718.1	E.2	23564_C|T,100261_A|G,132437_C|T,188946_C|T,64426_C|T,91728_G|A,31053_G|A,186578_G|A,187428_C|T,121320_C|T,119296_C|T,55133_G|A,39139_C|T,21723_G|A,87297_G|A,101241_G|A,124130_G|A,154408_T|C,64297_G|A,151461_A|C,128698_C|T,54117_G|A,54635_G|A,52885_G|A,28175_T|C,84587_C|T,162331_C|T,38360_G|A,82451_G|A,81275_G|A,151847_G|A,185499_G|A,73454_C|T,149963_C|T,155795_G|A,30367_G|A,152866_G|A,21062_C|T,124674_G|A,74205_G|A,166940_C|T,82373_C|T,37202_G|A,25661_G|A,188348_G|A,87230_G|A,34459_G|A,183519_C|T,105923_G|A,15428_G|A,95034_G|A,14000_G|T,181980_G|A,72362_C|T,150469_C|T,39119_C|T,83326_C|T,7771_C|T,13563_G|A,85811_C|T,125249_G|A,164832_C|T,148412_G|A,73239_G|A,168120_C|T,37738_C|T,77383_G|A,190660_G|A,18769_A|G,162243_G|A,184562_G|A,73066_C|T,133164_133173,38662_C|T,81977_A|G
PP533337.1	E.2	128698_C|T,54117_G|A,54635_G|A,28175_T|C,84587_C|T,52885_G|A,162331_C|T,82451_G|A,81275_G|A,151847_G|A,38360_G|A,84063_C|T,133176_133185,149963_C|T,155795_G|A,21062_C|T,124674_G|A,30367_G|A,152866_G|A,23564_C|T,170262_G|A,100261_A|G,188946_C|T,91728_G|A,31053_G|A,186578_G|A,64426_C|T,187428_C|T,121320_C|T,119296_C|T,187827_G|A,87297_G|A,55133_G|A,21723_G|A,39139_C|T,124130_G|A,101241_G|A,154408_T|C,64297_G|A,151461_A|C,150469_C|T,39119_C|T,83326_C|T,7771_C|T,125249_G|A,164832_C|T,148412_G|A,13563_G|A,137641_G|A,73239_G|A,168120_C|T,37738_C|T,77383_G|A,190660_G|A,162243_G|A,133828_C|T,18769_A|G,184562_G|A,73066_C|T,81977_A|G,178133_G|A,38662_C|T,82373_C|T,74205_G|A,166940_C|T,37202_G|A,87230_G|A,34459_G|A,188348_G|A,25661_G|A,162826_C|T,183519_C|T,62519_C|T,105923_G|A,14000_G|T,181980_G|A,72362_C|T,95034_G|A,15428_G|A
PP533338.1	E.2	133176_133185,82451_G|A,81275_G|A,151847_G|A,38360_G|A,84063_C|T,124674_G|A,21062_C|T,30367_G|A,152866_G|A,149963_C|T,155795_G|A,54635_G|A,128698_C|T,54117_G|A,162331_C|T,84587_C|T,28175_T|C,52885_G|A,87297_G|A,55133_G|A,39139_C|T,21723_G|A,121320_C|T,119296_C|T,154408_T|C,64297_G|A,151461_A|C,124130_G|A,101241_G|A,170262_G|A,100261_A|G,23564_C|T,91728_G|A,31053_G|A,64426_C|T,162243_G|A,133828_C|T,18769_A|G,77383_G|A,81977_A|G,38662_C|T,178133_G|A,73066_C|T,83326_C|T,7771_C|T,150469_C|T,39119_C|T,73239_G|A,168120_C|T,37738_C|T,125249_G|A,164832_C|T,148412_G|A,13563_G|A,137641_G|A,62519_C|T,14000_G|T,181980_G|A,72362_C|T,95034_G|A,15428_G|A,105923_G|A,37202_G|A,82373_C|T,74205_G|A,166940_C|T,162826_C|T,87230_G|A,34459_G|A,25661_G|A
OR972728.1	E.2	125249_G|A,21062_C|T,151461_A|C,38662_C|T,95034_G|A,162243_G|A,73066_C|T,100261_A|G,87297_G|A,25661_G|A,133176_133185,189399_C|T,150469_C|T,184562_G|A,18769_A|G,39139_C|T,124130_G|A,154408_T|C,121320_C|T,168120_C|T,151847_G|A,150619_150627,81977_A|G,181980_G|A,166940_C|T,34459_G|A,81275_G|A,72362_C|T,39119_C|T,148412_G|A,54635_G|A,54117_G|A,87230_G|A,38360_G|A,55133_G|A,149963_C|T,133101_.|TT,128698_C|T,82451_G|A,37202_G|A,73239_G|A,187428_C|T,74205_G|A,13563_G|A,180944_C|T,100982_G|A,164832_C|T,105923_G|A,15428_G|A,101241_G|A,7771_C|T,162331_C|T,31053_G|A,21723_G|A,84587_C|T,52885_G|A,152866_G|A,83326_C|T,186578_G|A,28175_T|C,150585_150592,188946_C|T,64426_C|T,82373_C|T,188348_G|A,23564_C|T,37738_C|T,183519_C|T,119296_C|T,64297_G|A,124674_G|A,155795_G|A,77383_G|A,91728_G|A,91871_G|A,14000_G|T,190660_G|A,30367_G|A
PP776546.1	E.2	154408_T|C,151461_A|C,64297_G|A,101241_G|A,164445_G|A,124130_G|A,39139_C|T,21723_G|A,55133_G|A,87297_G|A,187428_C|T,119296_C|T,121320_C|T,64426_C|T,91728_G|A,186578_G|A,6624_C|T,31053_G|A,188946_C|T,100261_A|G,23564_C|T,30367_G|A,152866_G|A,21062_C|T,124674_G|A,155795_G|A,149963_C|T,133176_133185,38360_G|A,151847_G|A,81275_G|A,82451_G|A,139156_C|T,162331_C|T,62243_C|T,52885_G|A,28175_T|C,84587_C|T,54635_G|A,150054_G|A,61526_C|T,54117_G|A,128698_C|T,15428_G|A,95034_G|A,14000_G|T,72362_C|T,135121_C|T,181980_G|A,105923_G|A,55466_G|A,53946_G|A,183519_C|T,25661_G|A,188348_G|A,34459_G|A,87230_G|A,37202_G|A,74205_G|A,166940_C|T,82373_C|T,38662_C|T,162248_C|T,81977_A|G,184562_G|A,73066_C|T,18769_A|G,132145_A|G,162243_G|A,190660_G|A,77383_G|A,73239_G|A,37738_C|T,168120_C|T,13563_G|A,148412_G|A,125249_G|A,164832_C|T,22481_.|TTTCTA,7771_C|T,83326_C|T,39119_C|T,150469_C|T
PP751809.1	E.2	64426_C|T,186578_G|A,31053_G|A,91728_G|A,188946_C|T,100261_A|G,170262_G|A,146454_C|T,23564_C|T,151461_A|C,64297_G|A,154408_T|C,101241_G|A,124130_G|A,39139_C|T,55133_G|A,87297_G|A,187827_G|A,121320_C|T,119296_C|T,187428_C|T,162331_C|T,52885_G|A,28175_T|C,84587_C|T,54635_G|A,54117_G|A,128698_C|T,152866_G|A,30367_G|A,21062_C|T,124674_G|A,149963_C|T,155795_G|A,133176_133185,52232_G|A,38360_G|A,151847_G|A,81275_G|A,82451_G|A,183519_C|T,188348_G|A,25661_G|A,34459_G|A,87230_G|A,37202_G|A,166940_C|T,74205_G|A,82373_C|T,95034_G|A,15428_G|A,72362_C|T,181980_G|A,133552_G|A,14000_G|T,105923_G|A,70190_G|A,168120_C|T,37738_C|T,73239_G|A,13563_G|A,148412_G|A,125249_G|A,164832_C|T,7771_C|T,83326_C|T,185269_C|T,39119_C|T,150469_C|T,178133_G|A,38662_C|T,64464_C|T,81977_A|G,184562_G|A,73066_C|T,18769_A|G,162243_G|A,190660_G|A,77383_G|A,92284_C|T,12652_G|A
PP751810.1	E.2	54635_G|A,128698_C|T,54117_G|A,162331_C|T,52885_G|A,84587_C|T,28175_T|C,133176_133185,52232_G|A,38360_G|A,82451_G|A,81275_G|A,151847_G|A,152866_G|A,30367_G|A,124674_G|A,21062_C|T,155795_G|A,149963_C|T,100261_A|G,170262_G|A,146454_C|T,23564_C|T,64426_C|T,186578_G|A,91728_G|A,188946_C|T,55133_G|A,39139_C|T,87297_G|A,187827_G|A,119296_C|T,121320_C|T,187428_C|T,64297_G|A,151461_A|C,154408_T|C,101241_G|A,124130_G|A,83326_C|T,7771_C|T,150469_C|T,39119_C|T,185269_C|T,168120_C|T,37738_C|T,73239_G|A,13563_G|A,164832_C|T,125249_G|A,148412_G|A,18769_A|G,162243_G|A,77383_G|A,190660_G|A,92284_C|T,12652_G|A,64464_C|T,38662_C|T,178133_G|A,81977_A|G,184562_G|A,73066_C|T,37202_G|A,166940_C|T,74205_G|A,82373_C|T,183519_C|T,188348_G|A,25661_G|A,87230_G|A,34459_G|A,70190_G|A,15428_G|A,95034_G|A,181980_G|A,72362_C|T,14000_G|T,133552_G|A,105923_G|A
PP751824.1	E.2	18769_A|G,162243_G|A,190660_G|A,77383_G|A,12652_G|A,92284_C|T,178133_G|A,38662_C|T,64464_C|T,81977_A|G,184562_G|A,73066_C|T,7771_C|T,83326_C|T,39119_C|T,150469_C|T,73239_G|A,37738_C|T,168120_C|T,13563_G|A,148412_G|A,125249_G|A,164832_C|T,70190_G|A,95034_G|A,15428_G|A,14000_G|T,72362_C|T,181980_G|A,105923_G|A,37202_G|A,74205_G|A,166940_C|T,82373_C|T,183519_C|T,188348_G|A,25661_G|A,34459_G|A,87230_G|A,133176_133185,38360_G|A,52232_G|A,151847_G|A,81275_G|A,82451_G|A,30367_G|A,152866_G|A,21062_C|T,124674_G|A,155795_G|A,149963_C|T,54635_G|A,54117_G|A,128698_C|T,162331_C|T,52885_G|A,84587_C|T,28175_T|C,21723_G|A,39139_C|T,55133_G|A,87297_G|A,187827_G|A,187428_C|T,119296_C|T,121320_C|T,154408_T|C,64297_G|A,151461_A|C,101241_G|A,124130_G|A,100261_A|G,170262_G|A,23564_C|T,146454_C|T,64426_C|T,91728_G|A,186578_G|A,31053_G|A
PP751825.1	E.2	188348_G|A,25661_G|A,87230_G|A,34459_G|A,183519_C|T,74205_G|A,166940_C|T,82373_C|T,37202_G|A,105923_G|A,95034_G|A,15428_G|A,14000_G|T,181980_G|A,72362_C|T,70190_G|A,13563_G|A,164832_C|T,125249_G|A,148412_G|A,73239_G|A,37738_C|T,168120_C|T,150469_C|T,39119_C|T,185269_C|T,83326_C|T,7771_C|T,184562_G|A,73066_C|T,64464_C|T,178133_G|A,38662_C|T,81977_A|G,77383_G|A,190660_G|A,12652_G|A,92284_C|T,18769_A|G,162243_G|A,188946_C|T,64426_C|T,91728_G|A,31053_G|A,186578_G|A,23564_C|T,146454_C|T,100261_A|G,170262_G|A,101241_G|A,124130_G|A,154408_T|C,64297_G|A,151461_A|C,187428_C|T,119296_C|T,121320_C|T,55133_G|A,21723_G|A,39139_C|T,187827_G|A,87297_G|A,52885_G|A,84587_C|T,28175_T|C,162331_C|T,128698_C|T,54117_G|A,54635_G|A,155795_G|A,149963_C|T,30367_G|A,152866_G|A,21062_C|T,124674_G|A,38360_G|A,52232_G|A,82451_G|A,81275_G|A,151847_G|A,133176_133185
PP776551.1	E.2	162331_C|T,62243_C|T,52885_G|A,28175_T|C,84587_C|T,54635_G|A,150054_G|A,54117_G|A,128698_C|T,30367_G|A,152866_G|A,124674_G|A,21062_C|T,155795_G|A,149963_C|T,133176_133185,38360_G|A,81275_G|A,151847_G|A,82451_G|A,64426_C|T,91728_G|A,6624_C|T,186578_G|A,31053_G|A,188946_C|T,100261_A|G,23564_C|T,154408_T|C,64297_G|A,151461_A|C,101241_G|A,164445_G|A,124130_G|A,39139_C|T,21723_G|A,55133_G|A,87297_G|A,187428_C|T,121320_C|T,119296_C|T,73239_G|A,37738_C|T,168120_C|T,13563_G|A,148412_G|A,125249_G|A,164832_C|T,7771_C|T,83326_C|T,39119_C|T,150469_C|T,38662_C|T,162248_C|T,81977_A|G,73066_C|T,184562_G|A,18769_A|G,132145_A|G,162243_G|A,190660_G|A,77383_G|A,183519_C|T,188348_G|A,25661_G|A,34459_G|A,87230_G|A,37202_G|A,74205_G|A,166940_C|T,82373_C|T,95034_G|A,15428_G|A,14000_G|T,72362_C|T,135121_C|T,181980_G|A,105923_G|A,55466_G|A,53946_G|A
PP776552.1	E.2	133176_133185,82451_G|A,151847_G|A,81275_G|A,38360_G|A,124674_G|A,21062_C|T,30367_G|A,152866_G|A,155795_G|A,149963_C|T,150054_G|A,54635_G|A,128698_C|T,54117_G|A,62243_C|T,162331_C|T,84587_C|T,28175_T|C,52885_G|A,10415_C|T,87297_G|A,55133_G|A,21723_G|A,39139_C|T,187428_C|T,121320_C|T,119296_C|T,154408_T|C,151461_A|C,64297_G|A,124130_G|A,101241_G|A,164445_G|A,133591_G|A,100261_A|G,23564_C|T,91728_G|A,31053_G|A,186578_G|A,6624_C|T,64426_C|T,188946_C|T,162243_G|A,132145_A|G,18769_A|G,77383_G|A,190660_G|A,81977_A|G,162248_C|T,38662_C|T,73066_C|T,184562_G|A,83326_C|T,7771_C|T,150469_C|T,39119_C|T,73239_G|A,37738_C|T,168120_C|T,125249_G|A,164832_C|T,148412_G|A,13563_G|A,55466_G|A,53946_G|A,14000_G|T,135121_C|T,181980_G|A,72362_C|T,15428_G|A,95034_G|A,105923_G|A,37202_G|A,82373_C|T,74205_G|A,166940_C|T,183519_C|T,87230_G|A,34459_G|A,25661_G|A,188348_G|A
PQ008836.1	E.2	37738_C|T,95034_G|A,39119_C|T,84587_C|T,128698_C|T,154408_T|C,55466_G|A,37202_G|A,73239_G|A,148412_G|A,39139_C|T,52885_G|A,73066_C|T,124130_G|A,72362_C|T,38360_G|A,13563_G|A,81275_G|A,155795_G|A,190660_G|A,28175_T|C,81977_A|G,150469_C|T,166940_C|T,119296_C|T,162331_C|T,181980_G|A,25661_G|A,64426_C|T,121320_C|T,77383_G|A,21062_C|T,54635_G|A,87297_G|A,74205_G|A,135121_C|T,31053_G|A,15428_G|A,82451_G|A,18769_A|G,30367_G|A,187428_C|T,124674_G|A,87230_G|A,133176_133185,168120_C|T,151461_A|C,83326_C|T,186578_G|A,54117_G|A,55133_G|A,6624_C|T,152866_G|A,125249_G|A,149963_C|T,53946_G|A,132145_A|G,151847_G|A,150054_G|A,62243_C|T,188946_C|T,162243_G|A,184562_G|A,34459_G|A,23564_C|T,21723_G|A,82373_C|T,183519_C|T,91728_G|A,100261_A|G,7771_C|T,101241_G|A,162248_C|T,14000_G|T,164445_G|A,38662_C|T,164832_C|T,64297_G|A,105923_G|A
PQ261049.1	E.2	72362_C|T,73066_C|T,124130_G|A,52885_G|A,39139_C|T,148412_G|A,55072_C|T,37653_G|A,73239_G|A,37202_G|A,55466_G|A,84587_C|T,154408_T|C,128698_C|T,37738_C|T,39119_C|T,95034_G|A,54635_G|A,74205_G|A,87297_G|A,21062_C|T,77383_G|A,121320_C|T,64426_C|T,25661_G|A,181980_G|A,170262_G|A,162331_C|T,119296_C|T,166940_C|T,150469_C|T,28175_T|C,81977_A|G,81275_G|A,155795_G|A,190660_G|A,13563_G|A,38360_G|A,62243_C|T,162243_G|A,188946_C|T,150054_G|A,132145_A|G,151847_G|A,53946_G|A,125249_G|A,152866_G|A,149963_C|T,55133_G|A,6624_C|T,54117_G|A,133176_133185,87230_G|A,186578_G|A,83326_C|T,151461_A|C,168120_C|T,124674_G|A,187428_C|T,30367_G|A,15428_G|A,82451_G|A,18769_A|G,31053_G|A,135121_C|T,64297_G|A,141854_C|T,105923_G|A,164832_C|T,162248_C|T,38662_C|T,14000_G|T,164445_G|A,163213_.|TAAC,101241_G|A,7771_C|T,100261_A|G,91728_G|A,21723_G|A,23564_C|T,89934_C|T,178133_G|A,82373_C|T,183519_C|T,6762_.|T,34459_G|A,184562_G|A,188348_G|A
PQ261050.1	E.2	55466_G|A,37202_G|A,73239_G|A,95034_G|A,39119_C|T,37738_C|T,128698_C|T,154408_T|C,84587_C|T,52885_G|A,124130_G|A,73066_C|T,72362_C|T,37653_G|A,55072_C|T,148412_G|A,39139_C|T,150469_C|T,166940_C|T,162331_C|T,119296_C|T,38360_G|A,13563_G|A,190660_G|A,81275_G|A,155795_G|A,81977_A|G,28175_T|C,77383_G|A,21062_C|T,87297_G|A,74205_G|A,54635_G|A,170262_G|A,181980_G|A,25661_G|A,64426_C|T,121320_C|T,30367_G|A,187428_C|T,124674_G|A,168120_C|T,151461_A|C,83326_C|T,186578_G|A,87230_G|A,133176_133185,135121_C|T,31053_G|A,18769_A|G,82451_G|A,15428_G|A,151847_G|A,132145_A|G,150054_G|A,162243_G|A,188946_C|T,62243_C|T,54117_G|A,6624_C|T,55133_G|A,149963_C|T,152866_G|A,125249_G|A,53946_G|A,91728_G|A,100261_A|G,7771_C|T,188348_G|A,184562_G|A,34459_G|A,6762_.|T,82373_C|T,183519_C|T,23564_C|T,178133_G|A,89934_C|T,21723_G|A,164832_C|T,105923_G|A,141854_C|T,64297_G|A,101241_G|A,163213_.|TAAC,164445_G|A,14000_G|T,38662_C|T,162248_C|T
PQ352002.1	E.2	14000_G|T,100261_A|G,39119_C|T,162243_G|A,54117_G|A,162165_G|A,7771_C|T,37738_C|T,87297_G|A,154408_T|C,162248_C|T,39139_C|T,25661_G|A,95034_G|A,101241_G|A,21062_C|T,38662_C|T,181980_G|A,148412_G|A,190660_G|A,82373_C|T,183519_C|T,170262_G|A,119296_C|T,149963_C|T,54635_G|A,15428_G|A,82451_G|A,125249_G|A,105923_G|A,173307_.|AATATATATATATATAT,52885_G|A,13563_G|A,31053_G|A,151461_A|C,168120_C|T,184562_G|A,162156_G|A,121320_C|T,155795_G|A,73239_G|A,150585_150592,84587_C|T,124674_G|A,133176_133185,150619_150627,30367_G|A,188946_C|T,164445_G|A,186578_G|A,73066_C|T,62243_C|T,135121_C|T,134463_C|T,21723_G|A,91728_G|A,162331_C|T,152866_G|A,37653_G|A,37202_G|A,38360_G|A,77383_G|A,18769_A|G,77328_C|T,74205_G|A,132145_A|G,28175_T|C,166940_C|T,64297_G|A,64426_C|T,81275_G|A,55466_G|A,128698_C|T,53946_G|A,150054_G|A,6624_C|T,34459_G|A,164832_C|T,87230_G|A,178133_G|A,124130_G|A,55133_G|A,150469_C|T,72362_C|T,151847_G|A,188348,23564_C|T,81977_A|G,83326_C|T
PQ352003.1	E.2	82451_G|A,125249_G|A,105923_G|A,173307_.|AATATATATATATATAT,52885_G|A,31053_G|A,13563_G|A,151461_A|C,82373_C|T,183519_C|T,170262_G|A,54635_G|A,119296_C|T,149963_C|T,15428_G|A,84587_C|T,124674_G|A,133176_133185,30367_G|A,188946_C|T,164445_G|A,168120_C|T,184562_G|A,121320_C|T,155795_G|A,73239_G|A,162165_G|A,7771_C|T,87297_G|A,37738_C|T,14000_G|T,100261_A|G,39119_C|T,162243_G|A,54117_G|A,21062_C|T,38662_C|T,181980_G|A,148412_G|A,190660_G|A,154408_T|C,162248_C|T,39139_C|T,25661_G|A,101241_G|A,95034_G|A,81275_G|A,55466_G|A,128698_C|T,132145_A|G,28175_T|C,166940_C|T,64297_G|A,64426_C|T,55133_G|A,72362_C|T,150469_C|T,151847_G|A,188348,23564_C|T,81977_A|G,83326_C|T,53946_G|A,150054_G|A,6624_C|T,150550,34459_G|A,164832_C|T,87230_G|A,178133_G|A,124130_G|A,21723_G|A,91728_G|A,162331_C|T,152866_G|A,186578_G|A,73066_C|T,62243_C|T,135121_C|T,134463_C|T,37202_G|A,38360_G|A,77383_G|A,18769_A|G,77328_C|T,74205_G|A,37653_G|A
PQ352007.1	E.2	74205_G|A,84063_C|T,18769_A|G,77383_G|A,187827_G|A,37202_G|A,38360_G|A,42235_T|A,186578_G|A,73066_C|T,162331_C|T,152866_G|A,91728_G|A,21723_G|A,87230_G|A,124130_G|A,164832_C|T,150550,34459_G|A,83326_C|T,188348,23564_C|T,81977_A|G,151847_G|A,72362_C|T,150469_C|T,55133_G|A,64426_C|T,166940_C|T,64297_G|A,28175_T|C,81275_G|A,128698_C|T,39139_C|T,101241_G|A,95034_G|A,25661_G|A,154408_T|C,190660_G|A,148412_G|A,21062_C|T,38662_C|T,181980_G|A,39119_C|T,162243_G|A,100261_A|G,54117_G|A,14000_G|T,37738_C|T,87297_G|A,7771_C|T,162165_G|A,73239_G|A,155795_G|A,121320_C|T,184562_G|A,149265_G|A,168120_C|T,133176_133185,188946_C|T,30367_G|A,124674_G|A,84587_C|T,15428_G|A,149963_C|T,54635_G|A,119296_C|T,82373_C|T,183519_C|T,151461_A|C,52885_G|A,13563_G|A,31053_G|A,105923_G|A,125249_G|A,82451_G|A
PQ352008.1	E.2	91728_G|A,21723_G|A,162331_C|T,152866_G|A,186578_G|A,73066_C|T,42235_T|A,187827_G|A,37202_G|A,38360_G|A,18769_A|G,84063_C|T,77383_G|A,74205_G|A,81275_G|A,128698_C|T,28175_T|C,166940_C|T,64297_G|A,64426_C|T,55133_G|A,72362_C|T,150469_C|T,81977_A|G,188348,23564_C|T,151847_G|A,83326_C|T,164832_C|T,34459_G|A,178133_G|A,87230_G|A,124130_G|A,7771_C|T,87297_G|A,37738_C|T,14000_G|T,100261_A|G,39119_C|T,162243_G|A,54117_G|A,21062_C|T,181980_G|A,38662_C|T,148412_G|A,190660_G|A,154408_T|C,39139_C|T,101241_G|A,95034_G|A,25661_G|A,82451_G|A,105923_G|A,125249_G|A,52885_G|A,173307_.|AATATATATATATATAT,31053_G|A,13563_G|A,151461_A|C,82373_C|T,170262_G|A,183519_C|T,54635_G|A,149963_C|T,119296_C|T,15428_G|A,84587_C|T,124674_G|A,150619_150627,133176_133185,188946_C|T,30367_G|A,168120_C|T,184562_G|A,149265_G|A,121320_C|T,73239_G|A,155795_G|A,150585_150592
PQ419878.1	E.2	81275_G|A,55466_G|A,128698_C|T,166940_C|T,64297_G|A,64426_C|T,132145_A|G,28175_T|C,151847_G|A,81977_A|G,188348,23564_C|T,187428_C|T,83326_C|T,55133_G|A,150469_C|T,72362_C|T,150550,34459_G|A,164832_C|T,87230_G|A,124130_G|A,39347_G|A,53946_G|A,150054_G|A,6624_C|T,21723_G|A,91728_G|A,162331_C|T,152866_G|A,62243_C|T,135121_C|T,134463_C|T,186578_G|A,25246_C|T,73066_C|T,77328_C|T,74205_G|A,37202_G|A,38360_G|A,77383_G|A,18769_A|G,53247_C|T,37653_G|A,52885_G|A,13563_G|A,31053_G|A,151461_A|C,82451_G|A,125249_G|A,105923_G|A,119296_C|T,149963_C|T,54635_G|A,15428_G|A,82373_C|T,183519_C|T,124674_G|A,133176_133185,30367_G|A,164445_G|A,188946_C|T,84587_C|T,121320_C|T,39350_G|A,155795_G|A,73239_G|A,150564_150567,168120_C|T,184562_G|A,7771_C|T,87297_G|A,37738_C|T,14000_G|T,39119_C|T,162243_G|A,100261_A|G,54117_G|A,148412_G|A,190660_G|A,21062_C|T,181980_G|A,38662_C|T,154408_T|C,162248_C|T,39139_C|T,25661_G|A,101241_G|A,95034_G|A
PQ499033.1	E.2	150564,132145_A|G,28175_T|C,64297_G|A,166940_C|T,64426_C|T,55466_G|A,128698_C|T,14071_G|A,81275_G|A,6624_C|T,150054_G|A,53946_G|A,164832_C|T,34459_G|A,150550,124130_G|A,87230_G|A,55133_G|A,72362_C|T,150469_C|T,187428_C|T,23564_C|T,81977_A|G,188348,151847_G|A,83326_C|T,73066_C|T,186578_G|A,62243_C|T,134463_C|T,135121_C|T,91728_G|A,21723_G|A,162331_C|T,152866_G|A,37653_G|A,38360_G|A,37202_G|A,18769_A|G,77383_G|A,74205_G|A,77328_C|T,183519_C|T,82373_C|T,149963_C|T,54635_G|A,119296_C|T,15428_G|A,82451_G|A,105923_G|A,125249_G|A,31053_G|A,13563_G|A,52885_G|A,151461_A|C,168120_C|T,184562_G|A,121320_C|T,73239_G|A,155795_G|A,84587_C|T,124674_G|A,164445_G|A,188946_C|T,30367_G|A,133176_133185,14000_G|T,54117_G|A,39119_C|T,100261_A|G,162243_G|A,7771_C|T,37738_C|T,87297_G|A,154408_T|C,162248_C|T,101241_G|A,95034_G|A,25661_G|A,39139_C|T,181980_G|A,38662_C|T,21062_C|T,148412_G|A,190660_G|A
PQ662905.1	E.2	72362_C|T,52885_G|A,73066_C|T,124130_G|A,148412_G|A,39139_C|T,37653_G|A,149185_G|A,73239_G|A,55466_G|A,150550,37202_G|A,150564,37738_C|T,95034_G|A,39119_C|T,84587_C|T,128698_C|T,154408_T|C,21062_C|T,54635_G|A,87297_G|A,74205_G|A,77383_G|A,150567,64426_C|T,121320_C|T,181980_G|A,77328_C|T,25661_G|A,119296_C|T,162331_C|T,150469_C|T,166940_C|T,28175_T|C,81977_A|G,38360_G|A,13563_G|A,155795_G|A,81275_G|A,190660_G|A,62243_C|T,162243_G|A,188946_C|T,132145_A|G,151847_G|A,150054_G|A,134463_C|T,152866_G|A,125249_G|A,149963_C|T,53946_G|A,54117_G|A,55133_G|A,6624_C|T,124674_G|A,87230_G|A,133176_133185,168120_C|T,83326_C|T,186578_G|A,151461_A|C,30367_G|A,31053_G|A,15428_G|A,18769_A|G,82451_G|A,135121_C|T,64297_G|A,105923_G|A,164832_C|T,162248_C|T,164445_G|A,14000_G|T,38662_C|T,101241_G|A,100261_A|G,7771_C|T,91728_G|A,23564_C|T,21723_G|A,183519_C|T,82373_C|T,184562_G|A,188348_G|A,34459_G|A
PQ662909.1	E.2	84587_C|T,128698_C|T,154408_T|C,37738_C|T,95034_G|A,39119_C|T,149185_G|A,73239_G|A,55466_G|A,150550,37202_G|A,148412_G|A,39139_C|T,37653_G|A,72362_C|T,73066_C|T,124130_G|A,52885_G|A,28175_T|C,81977_A|G,81275_G|A,155795_G|A,190660_G|A,38360_G|A,13563_G|A,162331_C|T,119296_C|T,166940_C|T,150469_C|T,121320_C|T,25241_G|A,64426_C|T,77328_C|T,25661_G|A,181980_G|A,170262_G|A,54635_G|A,87297_G|A,74205_G|A,21062_C|T,77383_G|A,15428_G|A,18769_A|G,82451_G|A,31053_G|A,135121_C|T,87230_G|A,133176_133185,168120_C|T,151461_A|C,186578_G|A,83326_C|T,124674_G|A,30367_G|A,173307_.|AATATATATATATATAT,53946_G|A,152866_G|A,125249_G|A,149963_C|T,55133_G|A,6624_C|T,54117_G|A,62243_C|T,188946_C|T,162243_G|A,150054_G|A,134463_C|T,132145_A|G,151847_G|A,23564_C|T,21723_G|A,178133_G|A,183519_C|T,82373_C|T,34459_G|A,184562_G|A,188348_G|A,7771_C|T,100261_A|G,91728_G|A,162248_C|T,164445_G|A,14000_G|T,38662_C|T,101241_G|A,64297_G|A,105923_G|A,164832_C|T
PQ662923.1	E.2	37202_G|A,150550,55466_G|A,149185_G|A,73239_G|A,37738_C|T,39119_C|T,95034_G|A,84587_C|T,154408_T|C,128698_C|T,52885_G|A,73066_C|T,150562_150566,124130_G|A,72362_C|T,37653_G|A,39139_C|T,148412_G|A,150469_C|T,166940_C|T,119296_C|T,162331_C|T,38360_G|A,13563_G|A,155795_G|A,81275_G|A,190660_G|A,28175_T|C,81977_A|G,77383_G|A,21062_C|T,54635_G|A,74205_G|A,87297_G|A,181980_G|A,25661_G|A,77328_C|T,64426_C|T,121320_C|T,25241_G|A,30367_G|A,124674_G|A,133176_133185,87230_G|A,186578_G|A,151461_A|C,83326_C|T,168120_C|T,135121_C|T,31053_G|A,15428_G|A,82451_G|A,18769_A|G,132145_A|G,151847_G|A,150054_G|A,134463_C|T,62243_C|T,162243_G|A,188946_C|T,54117_G|A,55133_G|A,6624_C|T,125249_G|A,152866_G|A,149963_C|T,53946_G|A,91728_G|A,100261_A|G,7771_C|T,184562_G|A,188348_G|A,34459_G|A,23564_C|T,21723_G|A,82373_C|T,183519_C|T,164832_C|T,64297_G|A,105923_G|A,101241_G|A,162248_C|T,38662_C|T,164445_G|A,14000_G|T
PV008681.1	E.2	166940_C|T,150469_C|T,162331_C|T,119296_C|T,190660_G|A,155795_G|A,81275_G|A,13563_G|A,38360_G|A,81977_A|G,28175_T|C,77383_G|A,87297_G|A,74205_G|A,101983_C|T,54635_G|A,21062_C|T,77328_C|T,25661_G|A,181980_G|A,121320_C|T,64426_C|T,55466_G|A,37202_G|A,73239_G|A,149185_G|A,128698_C|T,154408_T|C,84587_C|T,95034_G|A,39119_C|T,37738_C|T,150585_150592,124130_G|A,73066_C|T,182601_G|A,52885_G|A,72362_C|T,37653_G|A,44392_C|T,135811_G|A,148412_G|A,39139_C|T,91728_G|A,7771_C|T,100261_A|G,34459_G|A,188348_G|A,184562_G|A,183519_C|T,82373_C|T,23564_C|T,21723_G|A,6762_.|T,150619_150627,164832_C|T,105923_G|A,64297_G|A,101241_G|A,14000_G|T,164445_G|A,38662_C|T,162248_C|T,143551_C|T,187428_C|T,30367_G|A,168120_C|T,186578_G|A,151461_A|C,83326_C|T,87230_G|A,133176_133185,124674_G|A,135121_C|T,18769_A|G,82451_G|A,15428_G|A,31053_G|A,134463_C|T,150054_G|A,151847_G|A,132145_A|G,188946_C|T,162243_G|A,62243_C|T,6624_C|T,55133_G|A,54117_G|A,53946_G|A,149963_C|T,152866_G|A,125249_G|A
PV008686.1	E.2	6762_.|T,183519_C|T,82373_C|T,23564_C|T,21723_G|A,188348_G|A,184562_G|A,34459_G|A,100261_A|G,7771_C|T,91728_G|A,38662_C|T,164445_G|A,14000_G|T,162248_C|T,101241_G|A,105923_G|A,64297_G|A,164832_C|T,31053_G|A,82451_G|A,18769_A|G,15428_G|A,135121_C|T,124674_G|A,83326_C|T,186578_G|A,151461_A|C,168120_C|T,133176_133185,87230_G|A,30367_G|A,149963_C|T,125249_G|A,152866_G|A,53946_G|A,54117_G|A,6624_C|T,55133_G|A,162243_G|A,188946_C|T,62243_C|T,151847_G|A,132145_A|G,134463_C|T,150054_G|A,81977_A|G,28175_T|C,13563_G|A,38360_G|A,190660_G|A,155795_G|A,81275_G|A,119296_C|T,162331_C|T,150469_C|T,166940_C|T,64426_C|T,121320_C|T,181980_G|A,25661_G|A,77328_C|T,21062_C|T,74205_G|A,87297_G|A,54635_G|A,77383_G|A,39119_C|T,95034_G|A,37738_C|T,150564,154408_T|C,128698_C|T,84587_C|T,73239_G|A,149185_G|A,150550,37202_G|A,55466_G|A,39139_C|T,148412_G|A,37653_G|A,72362_C|T,52885_G|A,182601_G|A,124130_G|A,73066_C|T
PV008688.1	E.2	188348_G|A,184562_G|A,34459_G|A,6762_.|T,183519_C|T,82373_C|T,21723_G|A,23564_C|T,91728_G|A,100261_A|G,7771_C|T,101241_G|A,164445_G|A,14000_G|T,38662_C|T,162248_C|T,164832_C|T,105923_G|A,64297_G|A,150567_150569,135121_C|T,31053_G|A,82451_G|A,18769_A|G,15428_G|A,30367_G|A,187428_C|T,124674_G|A,168120_C|T,186578_G|A,151461_A|C,83326_C|T,87230_G|A,133176_133185,54117_G|A,6624_C|T,55133_G|A,149963_C|T,152866_G|A,125249_G|A,53946_G|A,151847_G|A,132145_A|G,134463_C|T,150054_G|A,188946_C|T,162243_G|A,62243_C|T,38360_G|A,13563_G|A,190660_G|A,81275_G|A,155795_G|A,81977_A|G,28175_T|C,150469_C|T,166940_C|T,162331_C|T,119296_C|T,181980_G|A,77328_C|T,25661_G|A,64426_C|T,121320_C|T,77383_G|A,21062_C|T,87297_G|A,74205_G|A,54635_G|A,95034_G|A,39119_C|T,37738_C|T,128698_C|T,154408_T|C,84587_C|T,55466_G|A,150550,37202_G|A,73239_G|A,149185_G|A,37653_G|A,148412_G|A,39139_C|T,52885_G|A,182601_G|A,124130_G|A,73066_C|T,72362_C|T
PV173514.1	E.2	136553_.|CAT,162248_C|T,154408_T|C,101241_G|A,95034_G|A,25661_G|A,39139_C|T,148412_G|A,149185_G|A,190660_G|A,38662_C|T,181980_G|A,21062_C|T,14000_G|T,54117_G|A,162243_G|A,39119_C|T,100261_A|G,150558_150567,7771_C|T,87297_G|A,37738_C|T,121320_C|T,73239_G|A,155795_G|A,168120_C|T,184562_G|A,124674_G|A,164445_G|A,188946_C|T,30367_G|A,133176_133185,84587_C|T,119296_C|T,149963_C|T,54635_G|A,15428_G|A,183519_C|T,82373_C|T,13563_G|A,31053_G|A,52885_G|A,151461_A|C,82451_G|A,105923_G|A,125249_G|A,157310_.|T,37653_G|A,74205_G|A,77328_C|T,38360_G|A,37202_G|A,18769_A|G,77383_G|A,62243_C|T,134463_C|T,135121_C|T,73066_C|T,186578_G|A,91728_G|A,21723_G|A,152866_G|A,162331_C|T,182601_G|A,164832_C|T,34459_G|A,124130_G|A,87230_G|A,6624_C|T,150054_G|A,53946_G|A,187428_C|T,81977_A|G,23564_C|T,151847_G|A,83326_C|T,55133_G|A,72362_C|T,150469_C|T,64297_G|A,166940_C|T,64426_C|T,188348_G|A,132145_A|G,28175_T|C,128698_C|T,55466_G|A,81275_G|A
